gene_pair_id,sorted_gene_pair,colour,num_hits,targetA,targetB,sgrna_group,cell_line_label,qc_group,cancer_type,depMapID,CMP_model_id,mean_norm_gi,,mean_GI,median_norm_gi,variance_norm_gi,nexp,n_replicates,n_guide_pairs,n_sig_guide_pairs,pct_sig_guide_pairs,mean_grna_count_all,median_norm_gi_all,variance_norm_gi_all,svar,gi_t_score,plow,phigh,fdr,is_bassik_hit,targetA__is_single_depleted,targetB__is_single_depleted,targetA__is_expressed,targetB__is_expressed,targetA__is_depleted_mageck,targetB__is_depleted_mageck,targetA__is_enriched_mageck,targetB__is_enriched_mageck,targetA__is_depleted_bagel,targetB__is_depleted_bagel,targetA__is_common_essential_bagel2,targetB__is_common_essential_bagel2,targetA__is_common_nonessential_bagel2,targetB__is_common_nonessential_bagel2,targetA__is_common_essential_depmap_ceres,targetB__is_common_essential_depmap_ceres,targetA__is_common_essential_depmap_chronos,targetB__is_common_essential_depmap_chronos,targetA__is_common_nonessential_depmap_ceres,targetB__is_common_nonessential_depmap_ceres,targetA__is_depmap_dependent,targetA__n_depmap_dependent_cell_lines,targetB__is_depmap_dependent,targetB__n_depmap_dependent_cell_lines,targetA__tpm_log2ps1,targetB__tpm_log2ps1,targetA__total_copy_number,targetB__total_copy_number,CMP_mutation__gene_symbol,CMP_mutation__protein_mutation,CMP_mutation__rna_mutation,CMP_mutation__cdna_mutation,CMP_mutation__effect
CHMP1B/CHMP1A,CHMP1A/CHMP1B,Blue,6,CHMP1B,CHMP1A,paralog,921,921 D28,Uveal melanoma,ACH-001441,NA,-0.605652408,-1.560064036,-1.560064036,-0.338058709,1.577524093,96,3,32,5,15.62,92.80155642,0.085864154,1.005637267,0.027559985,-2.553567538,0.00533128,0.99466872,0.00533128,1,0,0,1,1,0,0,0,0,0,1,0,0,0,0,0,0,0,0,0,0,NA,NA,NA,NA,5.113950482,4.447579197,NA,NA,,,,,
CHMP1B/CHMP1A,CHMP1A/CHMP1B,Blue,6,CHMP1B,CHMP1A,paralog,Mel270,Mel270 D28,Uveal melanoma,ACH-002014,NA,-1.629462613,,-1.560064036,-1.335879804,2.161712088,96,3,32,14,43.75,92.80155642,0.095191939,1.039341235,0.034076472,-7.752362884,4.51E-15,1,4.51E-15,1,0,0,1,1,0,0,0,0,0,0,0,0,0,0,0,0,0,0,0,0,0,7/1086,0,353/1086,4.676380255,3.721372659,NA,NA,,,,,
CHMP1B/CHMP1A,CHMP1A/CHMP1B,Blue,6,CHMP1B,CHMP1A,paralog,MP38,MP38 D28,Uveal melanoma,NA,NA,-2.270945201,,-1.560064036,-1.660763084,3.24397864,96,3,32,20,62.5,92.80155642,0.097043718,1.034310054,0.045413947,-8.24852924,8.02E-17,1,8.02E-17,1,0,0,NA,NA,0,0,0,0,0,1,0,0,0,0,0,0,0,0,0,0,NA,NA,NA,NA,NA,NA,NA,NA,NA,NA,NA,NA,NA
CHMP1B/CHMP1A,CHMP1A/CHMP1B,Blue,6,CHMP1B,CHMP1A,paralog,Mel202,Mel202 D28,Uveal melanoma,ACH-001554,SIDM01357,-1.645048543,,-1.560064036,-1.444461242,2.052348263,96,3,32,16,50,92.80155642,0.113937037,1.05829991,0.033131792,-8.561620967,5.56E-18,1,5.56E-18,1,0,0,1,1,0,0,0,0,0,1,0,0,0,0,0,0,0,0,0,0,0,7/1086,1,353/1086,4.297925053,4.852498299,NA,NA,NA,NA,NA,NA,NA
CHMP1B/CHMP1A,CHMP1A/CHMP1B,Blue,6,CHMP1B,CHMP1A,paralog,MP41,MP41 D28,Uveal melanoma,NA,NA,-1.510221743,,-1.560064036,-1.505759807,1.703227356,96,3,32,16,50,92.80155642,0.095843026,1.032655645,0.02917749,-9.376286315,3.42E-21,1,3.42E-21,1,0,0,NA,NA,0,0,0,0,0,1,0,0,0,0,0,0,0,0,0,0,NA,NA,NA,NA,NA,NA,NA,NA,NA,NA,NA,NA,NA
CHMP1B/CHMP1A,CHMP1A/CHMP1B,Blue,6,CHMP1B,CHMP1A,paralog,OMM23,OMM23 D28,Uveal melanoma,NA,NA,-1.699053709,,-1.560064036,-1.471686059,1.342085365,96,3,32,17,53.12,92.80155642,0.135163489,1.066138303,0.025740724,-10.01532005,6.53E-24,1,6.53E-24,1,0,0,NA,NA,0,0,0,0,0,1,0,0,0,0,0,0,0,0,0,0,NA,NA,NA,NA,NA,NA,NA,NA,NA,NA,NA,NA,NA
ASF1B/ASF1A,ASF1A/ASF1B,Blue,8,ASF1B,ASF1A,paralog,MP46,MP46 D28,Uveal melanoma,ACH-002011,SIDM01789,-0.511701441,-1.43784654,-1.43784654,-0.450924043,1.013892614,93,3,31,3,9.68,92.80155642,0.082244972,1.000425946,0.021918273,-3.601320177,0.000158303,0.999841697,0.000158303,1,0,0,1,1,0,0,0,0,0,0,0,0,0,0,0,0,0,0,0,0,NA,NA,NA,NA,3.64038956,4.418189948,NA,NA,NA,NA,NA,NA,NA
ASF1B/ASF1A,ASF1A/ASF1B,Blue,8,ASF1B,ASF1A,paralog,MP41,MP41 D28,Uveal melanoma,NA,NA,-0.76218155,,-1.43784654,-0.56172237,1.015864447,93,3,31,5,16.13,92.80155642,0.095843026,1.032655645,0.022290786,-4.404293543,5.31E-06,0.999994694,5.31E-06,1,0,0,NA,NA,0,0,0,0,1,1,0,0,0,0,0,0,0,0,0,0,NA,NA,NA,NA,NA,NA,NA,NA,NA,NA,NA,NA,NA
ASF1B/ASF1A,ASF1A/ASF1B,Blue,8,ASF1B,ASF1A,paralog,Mel285,Mel285 D28,Uveal melanoma,ACH-002015,SIDM01793,-1.230556542,,-1.43784654,-1.189896873,0.861504168,93,3,31,10,32.26,92.80155642,-0.005916039,1.014262986,0.020412605,-8.286964116,5.81E-17,1,5.81E-17,1,0,0,1,1,0,0,0,0,0,0,0,0,0,0,0,0,0,0,0,0,0,107/1086,0,89/1086,5.246788094,3.781359714,NA,NA,NA,NA,NA,NA,NA
ASF1B/ASF1A,ASF1A/ASF1B,Blue,8,ASF1B,ASF1A,paralog,921,921 D28,Uveal melanoma,ACH-001441,NA,-0.960527567,,-1.43784654,-1.159888705,1.053765403,93,3,31,9,29.03,92.80155642,0.085864154,1.005637267,0.02240844,-8.321968687,4.33E-17,1,4.33E-17,1,0,0,1,1,0,0,0,0,1,0,0,0,0,0,0,0,0,0,0,0,NA,NA,NA,NA,2.44625623,3.619413011,NA,NA,,,,,
ASF1B/ASF1A,ASF1A/ASF1B,Blue,8,ASF1B,ASF1A,paralog,Mel202,Mel202 D28,Uveal melanoma,ACH-001554,SIDM01357,-1.78052035,,-1.43784654,-1.639931777,2.568221158,93,3,31,15,48.39,92.80155642,0.113937037,1.05829991,0.039443573,-8.830981587,5.19E-19,1,5.19E-19,1,0,0,1,1,0,0,0,0,1,0,0,0,0,0,0,0,0,0,0,0,0,107/1086,0,89/1086,4.658782734,3.163498732,NA,NA,NA,NA,NA,NA,NA
ASF1B/ASF1A,ASF1A/ASF1B,Blue,8,ASF1B,ASF1A,paralog,OMM23,OMM23 D28,Uveal melanoma,NA,NA,-2.189349771,,-1.43784654,-1.857081391,2.051526685,93,3,31,21,67.74,92.80155642,0.135163489,1.066138303,0.033912713,-10.81836054,1.41E-27,1,1.41E-27,1,0,0,NA,NA,0,0,0,0,1,0,0,0,0,0,0,0,0,0,0,0,NA,NA,NA,NA,NA,NA,NA,NA,NA,NA,NA,NA,NA
ASF1B/ASF1A,ASF1A/ASF1B,Blue,8,ASF1B,ASF1A,paralog,MP38,MP38 D28,Uveal melanoma,NA,NA,-2.006455668,,-1.43784654,-2.014874031,2.192736679,93,3,31,17,54.84,92.80155642,0.097043718,1.034310054,0.035100897,-11.27243891,8.98E-30,1,8.98E-30,1,0,0,NA,NA,0,0,0,0,0,0,0,0,0,0,0,0,0,0,0,0,NA,NA,NA,NA,NA,NA,NA,NA,NA,NA,NA,NA,NA
ASF1B/ASF1A,ASF1A/ASF1B,Blue,8,ASF1B,ASF1A,paralog,OMM25,OMM25 D28,Uveal melanoma,ACH-002018,SIDM01843,-2.061479429,,-1.43784654,-2.155567669,2.108035232,93,3,31,21,67.74,92.80155642,0.130285799,1.054333617,0.034398347,-12.32479198,3.33E-35,1,3.33E-35,1,0,0,1,1,0,0,0,0,1,1,0,0,0,0,0,0,0,0,0,0,0,107/1086,0,89/1086,4.730096466,2.713695815,NA,NA,NA,NA,NA,NA,NA
SMARCC2/SMARCC1,SMARCC1/SMARCC2,Red,9,SMARCC2,SMARCC1,paralog,921,921 D28,Uveal melanoma,ACH-001441,NA,-0.7184379,-1.405172092,-1.405172092,-0.739774626,1.440036013,96,3,32,6,18.75,92.80155642,0.085864154,1.005637267,0.026112742,-5.109328681,1.62E-07,0.999999838,1.62E-07,1,0,0,1,1,0,0,0,0,0,0,0,0,0,0,0,0,0,0,0,0,NA,NA,NA,NA,4.653633311,5.219555769,NA,NA,,,,,
SMARCC2/SMARCC1,SMARCC1/SMARCC2,Red,9,SMARCC2,SMARCC1,paralog,Mel202,Mel202 D28,Uveal melanoma,ACH-001554,SIDM01357,-1.171447871,,-1.405172092,-1.133582586,1.676415989,96,3,32,12,37.5,92.80155642,0.113937037,1.05829991,0.02917461,-7.303732442,1.40E-13,1,1.40E-13,1,0,0,1,1,0,0,0,0,0,1,0,0,0,0,0,0,0,0,0,0,0,15/1086,0,76/1086,4.593353771,5.943218087,NA,NA,NA,NA,NA,NA,NA
SMARCC2/SMARCC1,SMARCC1/SMARCC2,Red,9,SMARCC2,SMARCC1,paralog,OMM1,OMM1 D28,Uveal melanoma,ACH-002017,NA,-1.285353236,,-1.405172092,-1.138043875,1.831766654,96,3,32,8,25,92.80155642,0.143885568,1.051184894,0.030732376,-7.312502942,1.31E-13,1,1.31E-13,1,0,0,1,1,0,0,0,0,0,1,0,0,0,0,0,0,0,0,0,0,0,15/1086,0,76/1086,4.302319051,4.518535139,NA,NA,,,,,
SMARCC2/SMARCC1,SMARCC1/SMARCC2,Red,9,SMARCC2,SMARCC1,paralog,MP41,MP41 D28,Uveal melanoma,NA,NA,-1.430702106,,-1.405172092,-1.298375035,2.219997261,96,3,32,13,40.62,92.80155642,0.095843026,1.032655645,0.034617174,-7.493503265,3.35E-14,1,3.35E-14,1,0,0,NA,NA,0,0,0,0,0,0,0,0,0,0,0,0,0,0,0,0,NA,NA,NA,NA,NA,NA,NA,NA,NA,NA,NA,NA,NA
SMARCC2/SMARCC1,SMARCC1/SMARCC2,Red,9,SMARCC2,SMARCC1,paralog,OMM23,OMM23 D28,Uveal melanoma,NA,NA,-1.629767084,,-1.405172092,-1.310902336,2.432322096,96,3,32,14,43.75,92.80155642,0.135163489,1.066138303,0.037216901,-7.495799502,3.29E-14,1,3.29E-14,1,0,0,NA,NA,0,0,0,0,0,0,0,0,0,0,0,0,0,0,0,0,NA,NA,NA,NA,NA,NA,NA,NA,NA,NA,NA,NA,NA
SMARCC2/SMARCC1,SMARCC1/SMARCC2,Red,9,SMARCC2,SMARCC1,paralog,Mel285,Mel285 D28,Uveal melanoma,ACH-002015,SIDM01793,-1.088645306,,-1.405172092,-1.188593449,1.056009624,96,3,32,14,43.75,92.80155642,-0.005916039,1.014262986,0.02216432,-7.943997467,9.79E-16,1,9.79E-16,1,0,0,1,1,0,0,0,0,0,0,0,0,0,0,0,0,0,0,0,0,0,15/1086,0,76/1086,5.374343989,3.897240426,NA,NA,NA,NA,NA,NA,NA
SMARCC2/SMARCC1,SMARCC1/SMARCC2,Red,9,SMARCC2,SMARCC1,paralog,Mel270,Mel270 D28,Uveal melanoma,ACH-002014,NA,-1.489015767,,-1.405172092,-1.444716846,1.745399492,96,3,32,14,43.75,92.80155642,0.095191939,1.039341235,0.029694234,-8.936324521,2.01E-19,1,2.01E-19,1,0,0,1,1,0,0,0,0,0,0,0,0,0,0,0,0,0,0,0,0,0,15/1086,0,76/1086,4.777682717,5.400196342,NA,NA,,,,,
SMARCC2/SMARCC1,SMARCC1/SMARCC2,Red,9,SMARCC2,SMARCC1,paralog,MP38,MP38 D28,Uveal melanoma,NA,NA,-1.849202178,,-1.405172092,-1.804736509,2.482514332,96,3,32,19,59.38,92.80155642,0.097043718,1.034310054,0.037398533,-9.834064339,4.02E-23,1,4.02E-23,1,0,0,NA,NA,0,0,0,0,0,1,0,0,0,0,0,0,0,0,0,0,NA,NA,NA,NA,NA,NA,NA,NA,NA,NA,NA,NA,NA
SMARCC2/SMARCC1,SMARCC1/SMARCC2,Red,9,SMARCC2,SMARCC1,paralog,OMM25,OMM25 D28,Uveal melanoma,ACH-002018,SIDM01843,-1.98397738,,-1.405172092,-1.818518942,2.635196811,96,3,32,23,71.88,92.80155642,0.130285799,1.054333617,0.039223835,-9.839959301,3.79E-23,1,3.79E-23,1,0,0,1,1,0,0,0,0,0,0,0,0,0,0,0,0,0,0,0,0,0,15/1086,0,76/1086,5.031659854,4.817111573,NA,NA,NA,NA,NA,NA,NA
CNOT8/CNOT7,CNOT7/CNOT8,Blue,7,CNOT8,CNOT7,paralog,MP41,MP41 D28,Uveal melanoma,NA,NA,-0.93656256,-1.372414969,-1.372414969,-0.910963207,1.911450245,75,3,25,7,28,92.80155642,0.095843026,1.032655645,0.03707919,-5.228544099,8.54E-08,0.999999915,8.54E-08,1,0,0,NA,NA,0,0,0,0,0,1,0,0,0,0,0,0,0,1,0,0,NA,NA,NA,NA,NA,NA,NA,NA,NA,NA,NA,NA,NA
CNOT8/CNOT7,CNOT7/CNOT8,Blue,7,CNOT8,CNOT7,paralog,OMM25,OMM25 D28,Uveal melanoma,ACH-002018,SIDM01843,-1.53215136,,-1.372414969,-1.253819296,3.66377822,75,3,25,11,44,92.80155642,0.130285799,1.054333617,0.060995437,-5.604287316,1.05E-08,0.99999999,1.05E-08,1,0,0,1,1,0,0,0,0,0,0,0,0,0,0,0,0,0,1,0,0,0,3/1086,1,614/1086,4.552131108,5.453517579,NA,NA,NA,NA,NA,NA,NA
CNOT8/CNOT7,CNOT7/CNOT8,Blue,7,CNOT8,CNOT7,paralog,Mel202,Mel202 D28,Uveal melanoma,ACH-001554,SIDM01357,-1.076990878,,-1.372414969,-0.924646632,1.315905798,75,3,25,7,28,92.80155642,0.113937037,1.05829991,0.029310637,-6.06636954,6.54E-10,0.999999999,6.54E-10,1,0,0,1,1,0,0,0,0,0,1,0,0,0,0,0,0,0,1,0,0,0,3/1086,1,614/1086,5.06608919,6.777288197,NA,NA,NA,NA,NA,NA,NA
CNOT8/CNOT7,CNOT7/CNOT8,Blue,7,CNOT8,CNOT7,paralog,OMM1,OMM1 D28,Uveal melanoma,ACH-002017,NA,-1.042574023,,-1.372414969,-1.006578132,1.681921008,75,3,25,7,28,92.80155642,0.143885568,1.051184894,0.034179284,-6.222880198,2.44E-10,1,2.44E-10,1,0,0,1,1,0,0,0,0,0,1,0,0,0,0,0,0,0,1,0,0,0,3/1086,0,614/1086,4.69265037,6.240695944,NA,NA,,,,,
CNOT8/CNOT7,CNOT7/CNOT8,Blue,7,CNOT8,CNOT7,paralog,MP38,MP38 D28,Uveal melanoma,NA,NA,-2.132713353,,-1.372414969,-1.974454122,5.108924016,75,3,25,15,60,92.80155642,0.097043718,1.034310054,0.080306317,-7.309869626,1.34E-13,1,1.34E-13,1,0,0,NA,NA,0,0,0,0,0,1,0,0,0,0,0,0,0,1,0,0,NA,NA,NA,NA,NA,NA,NA,NA,NA,NA,NA,NA,NA
CNOT8/CNOT7,CNOT7/CNOT8,Blue,7,CNOT8,CNOT7,paralog,OMM23,OMM23 D28,Uveal melanoma,NA,NA,-1.878598793,,-1.372414969,-1.922902876,4.742670106,75,3,25,12,48,92.80155642,0.135163489,1.066138303,0.075703647,-7.479989274,3.72E-14,1,3.72E-14,1,0,0,NA,NA,0,0,0,0,0,0,0,0,0,0,0,0,0,1,0,0,NA,NA,NA,NA,NA,NA,NA,NA,NA,NA,NA,NA,NA
CNOT8/CNOT7,CNOT7/CNOT8,Blue,7,CNOT8,CNOT7,paralog,Mel285,Mel285 D28,Uveal melanoma,ACH-002015,SIDM01793,-1.007313818,,-1.372414969,-1.121941825,0.815829588,75,3,25,8,32,92.80155642,-0.005916039,1.014262986,0.022073153,-7.511765815,2.92E-14,1,2.92E-14,1,0,0,1,1,0,0,0,0,1,1,0,0,0,0,0,0,0,1,0,0,0,3/1086,1,614/1086,5.503348735,5.125568452,NA,NA,NA,NA,NA,NA,NA
SEC23A/SEC23B,SEC23A/SEC23B,Blue,9,SEC23A,SEC23B,paralog,921,921 D28,Uveal melanoma,ACH-001441,NA,-0.612551973,-1.314780233,-1.314780233,-0.473822008,2.26774094,96,3,32,7,21.88,92.80155642,0.085864154,1.005637267,0.034825426,-2.999137326,0.001353726,0.998646274,0.001353726,1,0,0,1,1,0,0,0,0,0,0,0,0,0,0,0,0,0,0,0,0,NA,NA,NA,NA,4.081510068,3.952333566,NA,NA,,,,,
SEC23A/SEC23B,SEC23A/SEC23B,Blue,9,SEC23A,SEC23B,paralog,Mel285,Mel285 D28,Uveal melanoma,ACH-002015,SIDM01793,-0.685816879,,-1.314780233,-0.624863239,1.611719959,96,3,32,7,21.88,92.80155642,-0.005916039,1.014262986,0.028013902,-3.697999066,0.000108653,0.999891347,0.000108653,1,0,0,1,1,0,0,0,0,0,0,0,0,0,0,0,0,0,0,0,0,0,26/1086,0,26/1086,4.550285049,5.183883459,NA,NA,NA,NA,NA,NA,NA
SEC23A/SEC23B,SEC23A/SEC23B,Blue,9,SEC23A,SEC23B,paralog,Mel270,Mel270 D28,Uveal melanoma,ACH-002014,NA,-0.876731015,,-1.314780233,-0.693071532,3.008197007,96,3,32,8,25,92.80155642,0.095191939,1.039341235,0.04298684,-3.801925852,7.18E-05,0.999928212,7.18E-05,1,0,0,1,1,0,0,0,0,0,0,0,0,0,0,0,0,0,0,0,0,0,26/1086,0,26/1086,4.628773595,5.023255352,NA,NA,,,,,
SEC23A/SEC23B,SEC23A/SEC23B,Blue,9,SEC23A,SEC23B,paralog,OMM1,OMM1 D28,Uveal melanoma,ACH-002017,NA,-0.943758098,,-1.314780233,-0.982973448,2.762099868,96,3,32,12,37.5,92.80155642,0.143885568,1.051184894,0.040525357,-5.597655389,1.09E-08,0.999999989,1.09E-08,1,0,0,1,1,0,0,0,0,1,0,0,0,0,0,0,0,0,0,0,0,0,26/1086,0,26/1086,5.184280294,5.413120146,NA,NA,,,,,
SEC23A/SEC23B,SEC23A/SEC23B,Blue,9,SEC23A,SEC23B,paralog,MP41,MP41 D28,Uveal melanoma,NA,NA,-1.306390571,,-1.314780233,-1.14332866,2.70613014,96,3,32,13,40.62,92.80155642,0.095843026,1.032655645,0.039734362,-6.216534672,2.54E-10,1,2.54E-10,1,0,0,NA,NA,0,0,0,0,0,0,0,0,0,0,0,0,0,0,0,0,NA,NA,NA,NA,NA,NA,NA,NA,NA,NA,NA,NA,NA
SEC23A/SEC23B,SEC23A/SEC23B,Blue,9,SEC23A,SEC23B,paralog,Mel202,Mel202 D28,Uveal melanoma,ACH-001554,SIDM01357,-1.562277606,,-1.314780233,-1.314638079,3.453009147,96,3,32,12,37.5,92.80155642,0.113937037,1.05829991,0.047875591,-6.528990069,3.31E-11,1,3.31E-11,1,0,0,1,1,0,0,0,0,0,0,0,0,0,0,0,0,0,0,0,0,0,26/1086,0,26/1086,4.865423978,4.617063344,NA,NA,NA,NA,NA,NA,NA
SEC23A/SEC23B,SEC23A/SEC23B,Blue,9,SEC23A,SEC23B,paralog,OMM25,OMM25 D28,Uveal melanoma,ACH-002018,SIDM01843,-1.639882667,,-1.314780233,-1.550430926,3.72358456,96,3,32,14,43.75,92.80155642,0.130285799,1.054333617,0.050680548,-7.465757359,4.14E-14,1,4.14E-14,1,0,0,1,1,0,0,0,0,1,0,0,0,0,0,0,0,0,0,0,0,0,26/1086,0,26/1086,5.646162657,5.038260575,NA,NA,NA,NA,NA,NA,NA
SEC23A/SEC23B,SEC23A/SEC23B,Blue,9,SEC23A,SEC23B,paralog,OMM23,OMM23 D28,Uveal melanoma,NA,NA,-1.91421839,,-1.314780233,-1.733307942,4.370518849,96,3,32,18,56.25,92.80155642,0.135163489,1.066138303,0.057618972,-7.784015827,3.51E-15,1,3.51E-15,1,0,0,NA,NA,0,0,0,0,1,0,0,0,0,0,0,0,0,0,0,0,NA,NA,NA,NA,NA,NA,NA,NA,NA,NA,NA,NA,NA
SEC23A/SEC23B,SEC23A/SEC23B,Blue,9,SEC23A,SEC23B,paralog,MP38,MP38 D28,Uveal melanoma,NA,NA,-2.291394897,,-1.314780233,-2.558751252,4.079900499,96,3,32,21,65.62,92.80155642,0.097043718,1.034310054,0.054213124,-11.40623531,1.95E-30,1,1.95E-30,1,0,0,NA,NA,0,0,0,0,0,0,0,0,0,0,0,0,0,0,0,0,NA,NA,NA,NA,NA,NA,NA,NA,NA,NA,NA,NA,NA
UAP1/UAP1L1,UAP1/UAP1L1,Blue,6,UAP1,UAP1L1,paralog,MP38,MP38 D28,Uveal melanoma,NA,NA,-0.927568217,-1.255043621,-1.255043621,-0.648845357,1.737932121,96,3,32,6,18.75,92.80155642,0.097043718,1.034310054,0.029560825,-4.338263917,7.18E-06,0.999992819,7.18E-06,1,0,0,NA,NA,0,0,0,0,0,0,0,0,0,0,0,0,0,0,0,0,NA,NA,NA,NA,NA,NA,NA,NA,NA,NA,NA,NA,NA
UAP1/UAP1L1,UAP1/UAP1L1,Blue,6,UAP1,UAP1L1,paralog,Mel202,Mel202 D28,Uveal melanoma,ACH-001554,SIDM01357,-0.897795378,,-1.255043621,-0.677773568,2.052238177,96,3,32,11,34.38,92.80155642,0.113937037,1.05829991,0.033130633,-4.349622779,6.82E-06,0.999993181,6.82E-06,1,0,0,1,1,0,0,0,0,0,0,0,0,0,0,0,0,0,0,0,0,0,221/1086,0,0/1086,5.109360559,4.60940039,NA,NA,NA,NA,NA,NA,NA
UAP1/UAP1L1,UAP1/UAP1L1,Blue,6,UAP1,UAP1L1,paralog,OMM1,OMM1 D28,Uveal melanoma,ACH-002017,NA,-1.454587226,,-1.255043621,-1.126802052,3.433457783,96,3,32,11,34.38,92.80155642,0.143885568,1.051184894,0.047592283,-5.824659355,2.86E-09,0.999999997,2.86E-09,1,0,0,1,1,0,0,0,0,0,0,0,0,0,0,0,0,0,0,0,0,0,221/1086,0,0/1086,3.739848103,4.278728213,NA,NA,,,,,
UAP1/UAP1L1,UAP1/UAP1L1,Blue,6,UAP1,UAP1L1,paralog,Mel270,Mel270 D28,Uveal melanoma,ACH-002014,NA,-0.981991437,,-1.255043621,-0.882511358,1.250078221,96,3,32,9,28.12,92.80155642,0.095191939,1.039341235,0.024480326,-6.2488267,2.07E-10,1,2.07E-10,1,0,0,1,1,0,0,0,0,0,0,0,0,0,0,0,0,0,0,0,0,0,221/1086,0,0/1086,3.849999259,3.448900951,NA,NA,,,,,
UAP1/UAP1L1,UAP1/UAP1L1,Blue,6,UAP1,UAP1L1,paralog,OMM25,OMM25 D28,Uveal melanoma,ACH-002018,SIDM01843,-1.332634253,,-1.255043621,-1.230325151,2.173321891,96,3,32,13,40.62,92.80155642,0.130285799,1.054333617,0.034361993,-7.339978474,1.07E-13,1,1.07E-13,1,0,0,1,1,0,0,0,0,0,0,0,0,0,0,0,0,0,0,0,0,0,221/1086,0,0/1086,3.974529312,3.622930351,NA,NA,NA,NA,NA,NA,NA
UAP1/UAP1L1,UAP1/UAP1L1,Blue,6,UAP1,UAP1L1,paralog,OMM23,OMM23 D28,Uveal melanoma,NA,NA,-1.935685214,,-1.255043621,-2.013067051,3.368213292,96,3,32,20,62.5,92.80155642,0.135163489,1.066138303,0.047068387,-9.901847404,2.04E-23,1,2.04E-23,1,0,0,NA,NA,0,0,0,0,0,0,0,0,0,0,0,0,0,0,0,0,NA,NA,NA,NA,NA,NA,NA,NA,NA,NA,NA,NA,NA
EAF1/EAF2,EAF1/EAF2,Blue,6,EAF1,EAF2,paralog,MP41,MP41 D28,Uveal melanoma,NA,NA,-0.609715628,-1.202690929,-1.202690929,-0.674135871,1.776031426,96,3,32,6,18.75,92.80155642,0.095843026,1.032655645,0.029943849,-4.449641377,4.30E-06,0.999995699,4.30E-06,1,0,0,NA,NA,0,0,0,0,0,0,0,0,0,0,0,0,0,0,0,0,NA,NA,NA,NA,NA,NA,NA,NA,NA,NA,NA,NA,NA
EAF1/EAF2,EAF1/EAF2,Blue,6,EAF1,EAF2,paralog,OMM1,OMM1 D28,Uveal melanoma,ACH-002017,NA,-1.205937242,,-1.202690929,-1.142924254,3.536860865,96,3,32,14,43.75,92.80155642,0.143885568,1.051184894,0.048680736,-5.83224553,2.73E-09,0.999999997,2.73E-09,1,0,0,1,1,0,0,0,0,0,0,0,0,0,0,0,0,0,0,0,0,0,495/1086,0,5/1086,3.40599236,2.641546029,NA,NA,,,,,
EAF1/EAF2,EAF1/EAF2,Blue,6,EAF1,EAF2,paralog,Mel270,Mel270 D28,Uveal melanoma,ACH-002014,NA,-1.140934617,,-1.202690929,-1.019901818,1.753196787,96,3,32,8,25,92.80155642,0.095191939,1.039341235,0.029776311,-6.462133688,5.16E-11,1,5.16E-11,1,0,0,1,1,0,0,0,0,0,0,0,0,0,0,0,0,0,0,0,0,0,495/1086,0,5/1086,3.56924803,1.608809243,NA,NA,,,,,
EAF1/EAF2,EAF1/EAF2,Blue,6,EAF1,EAF2,paralog,OMM25,OMM25 D28,Uveal melanoma,ACH-002018,SIDM01843,-1.4055355,,-1.202690929,-1.18841489,2.451571767,96,3,32,15,46.88,92.80155642,0.130285799,1.054333617,0.03729094,-6.828802782,4.28E-12,1,4.28E-12,1,0,0,1,1,0,0,0,0,1,0,0,0,0,0,0,0,0,0,0,0,0,495/1086,0,5/1086,3.114367025,2.056583528,NA,NA,NA,NA,NA,NA,NA
EAF1/EAF2,EAF1/EAF2,Blue,6,EAF1,EAF2,paralog,Mel202,Mel202 D28,Uveal melanoma,ACH-001554,SIDM01357,-1.403755315,,-1.202690929,-1.265242155,1.988145933,96,3,32,14,43.75,92.80155642,0.113937037,1.05829991,0.032455978,-7.655496222,9.63E-15,1,9.63E-15,1,0,0,1,1,0,0,0,0,0,0,0,0,0,0,0,0,0,0,0,0,0,495/1086,0,5/1086,3.326249701,1.084064265,NA,NA,NA,NA,NA,NA,NA
EAF1/EAF2,EAF1/EAF2,Blue,6,EAF1,EAF2,paralog,OMM23,OMM23 D28,Uveal melanoma,NA,NA,-1.450267272,,-1.202690929,-1.605559599,2.753649997,96,3,32,14,43.75,92.80155642,0.135163489,1.066138303,0.0405993,-8.639138158,2.83E-18,1,2.83E-18,1,0,0,NA,NA,0,0,0,0,0,0,0,0,0,0,0,0,0,0,0,0,NA,NA,NA,NA,NA,NA,NA,NA,NA,NA,NA,NA,NA
CHM/CHML,CHM/CHML,Blue,7,CHM,CHML,paralog,Mel270,Mel270 D28,Uveal melanoma,ACH-002014,NA,-0.60251805,-1.132166543,-1.132166543,-0.439635177,2.001780296,96,3,32,7,21.88,92.80155642,0.095191939,1.039341235,0.03239298,-2.971583717,0.00148134,0.99851866,0.00148134,1,0,0,1,1,0,0,0,0,0,0,0,0,0,0,0,0,0,0,0,0,0,11/1081,0,6/1086,3.605257263,1.432959407,NA,NA,,,,,
CHM/CHML,CHM/CHML,Blue,7,CHM,CHML,paralog,Mel285,Mel285 D28,Uveal melanoma,ACH-002015,SIDM01793,-0.634601808,,-1.132166543,-0.720232578,1.624102043,96,3,32,5,15.62,92.80155642,-0.005916039,1.014262986,0.02814424,-4.257904753,1.03E-05,0.999989682,1.03E-05,1,0,0,1,1,0,0,0,0,0,0,0,0,0,0,0,0,0,0,0,0,0,11/1081,0,6/1086,4.469885976,3.176322773,NA,NA,NA,NA,NA,NA,NA
CHM/CHML,CHM/CHML,Blue,7,CHM,CHML,paralog,OMM25,OMM25 D28,Uveal melanoma,ACH-002018,SIDM01843,-1.259042412,,-1.132166543,-0.985473289,2.425067557,96,3,32,10,31.25,92.80155642,0.130285799,1.054333617,0.037011948,-5.799618976,3.32E-09,0.999999997,3.32E-09,1,0,0,1,1,0,0,0,0,0,0,0,0,0,0,0,0,0,0,0,0,0,11/1081,0,6/1086,3.814550423,2.879705766,NA,NA,NA,NA,NA,NA,NA
CHM/CHML,CHM/CHML,Blue,7,CHM,CHML,paralog,Mel202,Mel202 D28,Uveal melanoma,ACH-001554,SIDM01357,-1.178610051,,-1.132166543,-1.055405468,2.130319564,96,3,32,10,31.25,92.80155642,0.113937037,1.05829991,0.033952542,-6.346080627,1.10E-10,1,1.10E-10,1,0,0,1,1,0,0,0,0,0,0,0,0,0,0,0,0,0,0,0,0,0,11/1081,0,6/1086,3.871843649,3.196921734,NA,NA,NA,NA,NA,NA,NA
CHM/CHML,CHM/CHML,Blue,7,CHM,CHML,paralog,MP38,MP38 D28,Uveal melanoma,NA,NA,-1.337352975,,-1.132166543,-1.282944004,2.962813583,96,3,32,11,34.38,92.80155642,0.097043718,1.034310054,0.042454314,-6.697524431,1.06E-11,1,1.06E-11,1,0,0,NA,NA,0,0,0,0,0,0,0,0,0,0,0,0,0,0,0,0,NA,NA,NA,NA,NA,NA,NA,NA,NA,NA,NA,NA,NA
CHM/CHML,CHM/CHML,Blue,7,CHM,CHML,paralog,OMM23,OMM23 D28,Uveal melanoma,NA,NA,-1.359691877,,-1.132166543,-1.124833384,2.18830607,96,3,32,13,40.62,92.80155642,0.135163489,1.066138303,0.034648311,-6.769061093,6.48E-12,1,6.48E-12,1,0,0,NA,NA,0,0,0,0,0,0,0,0,0,0,0,0,0,0,0,0,NA,NA,NA,NA,NA,NA,NA,NA,NA,NA,NA,NA,NA
CHM/CHML,CHM/CHML,Blue,7,CHM,CHML,paralog,OMM1,OMM1 D28,Uveal melanoma,ACH-002017,NA,-1.55334863,,-1.132166543,-1.520334162,3.582772588,96,3,32,18,56.25,92.80155642,0.143885568,1.051184894,0.049164017,-7.505627118,3.06E-14,1,3.06E-14,1,0,0,1,1,0,0,0,0,0,0,0,0,0,0,0,0,0,0,0,0,0,11/1081,0,6/1086,4.068670811,2.531069493,NA,NA,,,,,
COPS7A/COPS7B,COPS7A/COPS7B,Blue,9,COPS7A,COPS7B,paralog,Mel270,Mel270 D28,Uveal melanoma,ACH-002014,NA,-0.768730007,-1.097712486,-1.097712486,-0.421489147,1.546451897,96,3,32,7,21.88,92.80155642,0.095191939,1.039341235,0.027600049,-3.110051903,0.000935272,0.999064728,0.000935272,1,0,0,1,1,0,0,0,0,0,0,0,0,0,0,0,0,0,0,0,0,0,17/1086,0,1/1086,5.789468437,4.540399306,NA,NA,,,,,
COPS7A/COPS7B,COPS7A/COPS7B,Blue,9,COPS7A,COPS7B,paralog,Mel202,Mel202 D28,Uveal melanoma,ACH-001554,SIDM01357,-0.895816025,,-1.097712486,-0.544223787,2.689064314,96,3,32,9,28.12,92.80155642,0.113937037,1.05829991,0.039834066,-3.297651123,0.000487486,0.999512514,0.000487486,1,0,0,1,1,0,0,0,0,0,0,0,0,0,0,0,0,0,0,0,0,0,17/1086,0,1/1086,5.537917249,4.505255801,NA,NA,NA,NA,NA,NA,NA
COPS7A/COPS7B,COPS7A/COPS7B,Blue,9,COPS7A,COPS7B,paralog,OMM25,OMM25 D28,Uveal melanoma,ACH-002018,SIDM01843,-1.018825201,,-1.097712486,-0.871455598,1.838790861,96,3,32,10,31.25,92.80155642,0.130285799,1.054333617,0.030840614,-5.704191693,5.84E-09,0.999999994,5.84E-09,1,0,0,1,1,0,0,0,0,1,0,0,0,0,0,0,0,0,0,0,0,0,17/1086,0,1/1086,5.792855352,3.886550147,NA,NA,NA,NA,NA,NA,NA
COPS7A/COPS7B,COPS7A/COPS7B,Blue,9,COPS7A,COPS7B,paralog,Mel285,Mel285 D28,Uveal melanoma,ACH-002015,SIDM01793,-0.821275859,,-1.097712486,-0.82015392,0.810976829,96,3,32,9,28.12,92.80155642,-0.005916039,1.014262986,0.019585027,-5.818207588,2.97E-09,0.999999997,2.97E-09,1,0,0,1,1,0,0,0,0,0,0,0,0,0,0,0,0,0,0,0,0,0,17/1086,0,1/1086,5.665620164,4.798569004,NA,NA,NA,NA,NA,NA,NA
COPS7A/COPS7B,COPS7A/COPS7B,Blue,9,COPS7A,COPS7B,paralog,OMM1,OMM1 D28,Uveal melanoma,ACH-002017,NA,-1.270297814,,-1.097712486,-1.09188951,2.130175667,96,3,32,9,28.12,92.80155642,0.143885568,1.051184894,0.033873523,-6.714431473,9.44E-12,1,9.44E-12,1,0,0,1,1,0,0,0,0,1,0,0,0,0,0,0,0,0,0,0,0,0,17/1086,0,1/1086,6.42693562,4.790772038,NA,NA,,,,,
COPS7A/COPS7B,COPS7A/COPS7B,Blue,9,COPS7A,COPS7B,paralog,MP38,MP38 D28,Uveal melanoma,NA,NA,-1.440129329,,-1.097712486,-1.266603398,2.709196631,96,3,32,15,46.88,92.80155642,0.097043718,1.034310054,0.039784662,-6.836662808,4.05E-12,1,4.05E-12,1,0,0,NA,NA,0,0,0,0,0,0,0,0,0,0,0,0,0,0,0,0,NA,NA,NA,NA,NA,NA,NA,NA,NA,NA,NA,NA,NA
COPS7A/COPS7B,COPS7A/COPS7B,Blue,9,COPS7A,COPS7B,paralog,OMM23,OMM23 D28,Uveal melanoma,NA,NA,-1.638875496,,-1.097712486,-1.316925703,3.170778114,96,3,32,15,46.88,92.80155642,0.135163489,1.066138303,0.044990122,-6.845965537,3.80E-12,1,3.80E-12,1,0,0,NA,NA,0,0,0,0,0,0,0,0,0,0,0,0,0,0,0,0,NA,NA,NA,NA,NA,NA,NA,NA,NA,NA,NA,NA,NA
COPS7A/COPS7B,COPS7A/COPS7B,Blue,9,COPS7A,COPS7B,paralog,MP41,MP41 D28,Uveal melanoma,NA,NA,-1.06567639,,-1.097712486,-0.997374828,1.28324003,96,3,32,10,31.25,92.80155642,0.095843026,1.032655645,0.024756571,-6.948026531,1.85E-12,1,1.85E-12,1,0,0,NA,NA,0,0,0,0,1,0,0,0,0,0,0,0,0,0,0,0,NA,NA,NA,NA,NA,NA,NA,NA,NA,NA,NA,NA,NA
COPS7A/COPS7B,COPS7A/COPS7B,Blue,9,COPS7A,COPS7B,paralog,921,921 D28,Uveal melanoma,ACH-001441,NA,-0.959786258,,-1.097712486,-1.05439906,1.098971863,96,3,32,12,37.5,92.80155642,0.085864154,1.005637267,0.022522593,-7.597940968,1.50E-14,1,1.50E-14,1,0,0,1,1,0,0,0,0,0,0,0,0,0,0,0,0,0,0,0,0,NA,NA,NA,NA,4.971313624,3.907852072,NA,NA,,,,,
CSTF2/CSTF2T,CSTF2/CSTF2T,Blue,9,CSTF2,CSTF2T,paralog,Mel285,Mel285 D28,Uveal melanoma,ACH-002015,SIDM01793,-0.552252811,-1.096080023,-1.096080023,-0.551235506,1.012995836,96,3,32,5,15.62,92.80155642,-0.005916039,1.014262986,0.021711543,-3.700885556,0.000107424,0.999892576,0.000107424,1,0,0,1,1,0,0,0,0,0,0,0,0,0,0,0,0,0,0,0,0,0,55/1081,0,4/1086,3.622930351,3.916476644,NA,NA,NA,NA,NA,NA,NA
CSTF2/CSTF2T,CSTF2/CSTF2T,Blue,9,CSTF2,CSTF2T,paralog,OMM1,OMM1 D28,Uveal melanoma,ACH-002017,NA,-1.064694726,,-1.096080023,-0.712190651,3.72913845,96,3,32,5,15.62,92.80155642,0.143885568,1.051184894,0.050704711,-3.801791353,7.18E-05,0.999928173,7.18E-05,1,0,0,1,1,0,0,0,0,0,1,0,0,0,0,0,0,0,0,0,0,0,55/1081,0,4/1086,4.215678597,3.982765463,NA,NA,,,,,
CSTF2/CSTF2T,CSTF2/CSTF2T,Blue,9,CSTF2,CSTF2T,paralog,Mel202,Mel202 D28,Uveal melanoma,ACH-001554,SIDM01357,-1.177265516,,-1.096080023,-0.710710264,3.183856704,96,3,32,9,28.12,92.80155642,0.113937037,1.05829991,0.045042407,-3.885594235,5.10E-05,0.99994896,5.10E-05,1,0,0,1,1,0,0,0,0,0,1,0,0,0,0,0,0,0,0,0,0,0,55/1081,0,4/1086,3.785550552,4.051372102,NA,NA,NA,NA,NA,NA,NA
CSTF2/CSTF2T,CSTF2/CSTF2T,Blue,9,CSTF2,CSTF2T,paralog,MP41,MP41 D28,Uveal melanoma,NA,NA,-1.021219054,,-1.096080023,-0.636429737,1.612719737,96,3,32,9,28.12,92.80155642,0.095843026,1.032655645,0.028224779,-4.358706323,6.54E-06,0.999993458,6.54E-06,1,0,0,NA,NA,0,0,0,0,0,0,0,0,0,0,0,0,0,0,0,0,NA,NA,NA,NA,NA,NA,NA,NA,NA,NA,NA,NA,NA
CSTF2/CSTF2T,CSTF2/CSTF2T,Blue,9,CSTF2,CSTF2T,paralog,921,921 D28,Uveal melanoma,ACH-001441,NA,-1.05105183,,-1.096080023,-0.774982411,1.937471423,96,3,32,6,18.75,92.80155642,0.085864154,1.005637267,0.031348905,-4.861995648,5.81E-07,0.999999419,5.81E-07,1,0,0,1,1,0,0,0,0,0,0,0,0,0,0,0,0,0,0,0,0,NA,NA,NA,NA,3.277984747,3.3950628,NA,NA,,,,,
CSTF2/CSTF2T,CSTF2/CSTF2T,Blue,9,CSTF2,CSTF2T,paralog,OMM23,OMM23 D28,Uveal melanoma,NA,NA,-1.199695177,,-1.096080023,-1.028600714,3.421738867,96,3,32,11,34.38,92.80155642,0.135163489,1.066138303,0.047631814,-5.332322819,4.85E-08,0.999999952,4.85E-08,1,0,0,NA,NA,0,0,0,0,0,0,0,0,0,0,0,0,0,0,0,0,NA,NA,NA,NA,NA,NA,NA,NA,NA,NA,NA,NA,NA
CSTF2/CSTF2T,CSTF2/CSTF2T,Blue,9,CSTF2,CSTF2T,paralog,MP38,MP38 D28,Uveal melanoma,NA,NA,-1.418095006,,-1.096080023,-0.985450193,2.670948492,96,3,32,11,34.38,92.80155642,0.097043718,1.034310054,0.03938205,-5.454768213,2.45E-08,0.999999975,2.45E-08,1,0,0,NA,NA,0,0,0,0,0,0,0,0,0,0,0,0,0,0,0,0,NA,NA,NA,NA,NA,NA,NA,NA,NA,NA,NA,NA,NA
CSTF2/CSTF2T,CSTF2/CSTF2T,Blue,9,CSTF2,CSTF2T,paralog,OMM25,OMM25 D28,Uveal melanoma,ACH-002018,SIDM01843,-0.929972586,,-1.096080023,-0.929869266,2.437311567,96,3,32,10,31.25,92.80155642,0.130285799,1.054333617,0.037140832,-5.501024475,1.89E-08,0.999999981,1.89E-08,1,0,0,1,1,0,0,0,0,0,1,0,0,0,0,0,0,0,0,0,0,0,55/1081,0,4/1086,4.642123916,3.319039816,NA,NA,NA,NA,NA,NA,NA
CSTF2/CSTF2T,CSTF2/CSTF2T,Blue,9,CSTF2,CSTF2T,paralog,Mel270,Mel270 D28,Uveal melanoma,ACH-002014,NA,-1.450473503,,-1.096080023,-1.055836507,2.60475496,96,3,32,10,31.25,92.80155642,0.095191939,1.039341235,0.038740081,-5.847978848,2.49E-09,0.999999998,2.49E-09,1,0,0,1,1,0,0,0,0,0,0,0,0,0,0,0,0,0,0,0,0,0,55/1081,0,4/1086,3.703765179,3.72900887,NA,NA,,,,,
MED13/MED13L,MED13/MED13L,Blue,7,MED13,MED13L,paralog,921,921 D28,Uveal melanoma,ACH-001441,NA,-0.661436046,-1.066331468,-1.066331468,-0.592035881,1.101494582,96,3,32,6,18.75,92.80155642,0.085864154,1.005637267,0.022549148,-4.514405685,3.17E-06,0.999996825,3.17E-06,1,0,0,1,1,0,0,0,0,1,1,0,0,0,0,0,0,0,0,0,0,NA,NA,NA,NA,3.244887059,3.937344392,NA,NA,,,,,
MED13/MED13L,MED13/MED13L,Blue,7,MED13,MED13L,paralog,MP46,MP46 D28,Uveal melanoma,ACH-002011,SIDM01789,-0.695842331,,-1.066331468,-0.68234773,1.088706446,96,3,32,5,15.62,92.80155642,0.082244972,1.000425946,0.022357769,-5.113472373,1.58E-07,0.999999842,1.58E-07,1,0,0,1,1,0,0,0,0,1,1,0,0,0,0,0,0,0,0,0,0,NA,NA,NA,NA,3.921245889,4.04176865,NA,NA,NA,NA,NA,NA,NA
MED13/MED13L,MED13/MED13L,Blue,7,MED13,MED13L,paralog,OMM1,OMM1 D28,Uveal melanoma,ACH-002017,NA,-1.014011666,,-1.066331468,-0.871752295,1.287567784,96,3,32,8,25,92.80155642,0.143885568,1.051184894,0.025003967,-6.422948302,6.68E-11,1,6.68E-11,1,0,0,1,1,0,0,0,0,1,1,0,0,0,0,0,0,0,0,0,0,0,43/1086,0,53/1086,3.95419631,4.266036894,NA,NA,,,,,
MED13/MED13L,MED13/MED13L,Blue,7,MED13,MED13L,paralog,MP38,MP38 D28,Uveal melanoma,NA,NA,-0.925256566,,-1.066331468,-0.87797502,0.695542052,96,3,32,8,25,92.80155642,0.097043718,1.034310054,0.018588298,-7.151434172,4.29E-13,1,4.29E-13,1,0,0,NA,NA,0,0,0,0,1,1,0,0,0,0,0,0,0,0,0,0,NA,NA,NA,NA,NA,NA,NA,NA,NA,NA,NA,NA,NA
MED13/MED13L,MED13/MED13L,Blue,7,MED13,MED13L,paralog,MP41,MP41 D28,Uveal melanoma,NA,NA,-1.06159033,,-1.066331468,-1.048604928,1.319834979,96,3,32,9,28.12,92.80155642,0.095843026,1.032655645,0.025141781,-7.217686685,2.64E-13,1,2.64E-13,1,0,0,NA,NA,0,0,0,0,1,1,0,0,0,0,0,0,0,0,0,0,NA,NA,NA,NA,NA,NA,NA,NA,NA,NA,NA,NA,NA
MED13/MED13L,MED13/MED13L,Blue,7,MED13,MED13L,paralog,OMM25,OMM25 D28,Uveal melanoma,ACH-002018,SIDM01843,-1.664924844,,-1.066331468,-1.503255482,1.801590894,96,3,32,17,53.12,92.80155642,0.130285799,1.054333617,0.030449036,-9.361454757,3.93E-21,1,3.93E-21,1,0,0,1,1,0,0,0,0,1,1,0,0,0,0,0,0,0,0,0,0,0,43/1086,0,53/1086,3.0721058,4.081510068,NA,NA,NA,NA,NA,NA,NA
MED13/MED13L,MED13/MED13L,Blue,7,MED13,MED13L,paralog,OMM23,OMM23 D28,Uveal melanoma,NA,NA,-1.44125849,,-1.066331468,-1.35736932,1.012334082,96,3,32,11,34.38,92.80155642,0.135163489,1.066138303,0.022269658,-10.00154537,7.50E-24,1,7.50E-24,1,0,0,NA,NA,0,0,0,0,1,1,0,0,0,0,0,0,0,0,0,0,NA,NA,NA,NA,NA,NA,NA,NA,NA,NA,NA,NA,NA
SAR1A/SAR1B,SAR1A/SAR1B,Blue,7,SAR1A,SAR1B,paralog,MP41,MP41 D28,Uveal melanoma,NA,NA,-0.667699413,-1.013786391,-1.013786391,-0.383386988,2.10348658,96,3,32,7,21.88,92.80155642,0.095843026,1.032655645,0.033390745,-2.622593333,0.004363168,0.995636832,0.004363168,1,0,0,NA,NA,0,0,0,0,0,0,0,0,0,0,0,0,0,0,0,0,NA,NA,NA,NA,NA,NA,NA,NA,NA,NA,NA,NA,NA
SAR1A/SAR1B,SAR1A/SAR1B,Blue,7,SAR1A,SAR1B,paralog,Mel270,Mel270 D28,Uveal melanoma,ACH-002014,NA,-0.653403027,,-1.013786391,-0.502966182,1.488433544,96,3,32,6,18.75,92.80155642,0.095191939,1.039341235,0.02698933,-3.640993938,0.000135794,0.999864206,0.000135794,1,0,0,1,1,0,0,0,0,0,0,0,0,0,0,0,0,0,0,0,0,0,49/1086,0,0/1086,4.499527024,4.505255801,NA,NA,,,,,
SAR1A/SAR1B,SAR1A/SAR1B,Blue,7,SAR1A,SAR1B,paralog,OMM1,OMM1 D28,Uveal melanoma,ACH-002017,NA,-1.176684977,,-1.013786391,-0.744330232,3.875837576,96,3,32,10,31.25,92.80155642,0.143885568,1.051184894,0.052248912,-3.885794854,5.10E-05,0.999949002,5.10E-05,1,0,0,1,1,0,0,0,0,0,0,0,0,0,0,0,0,0,0,0,0,0,49/1086,0,0/1086,4.76394266,6.303780748,NA,NA,,,,,
SAR1A/SAR1B,SAR1A/SAR1B,Blue,7,SAR1A,SAR1B,paralog,921,921 D28,Uveal melanoma,ACH-001441,NA,-0.608103184,,-1.013786391,-0.672662475,1.649978732,96,3,32,6,18.75,92.80155642,0.085864154,1.005637267,0.028322666,-4.507168228,3.28E-06,0.999996715,3.28E-06,1,0,0,1,1,0,0,0,0,0,0,0,0,0,0,0,0,0,0,0,0,NA,NA,NA,NA,4.263785614,3.324810603,NA,NA,,,,,
SAR1A/SAR1B,SAR1A/SAR1B,Blue,7,SAR1A,SAR1B,paralog,MP38,MP38 D28,Uveal melanoma,NA,NA,-1.326732795,,-1.013786391,-1.183423533,4.242431286,96,3,32,14,43.75,92.80155642,0.097043718,1.034310054,0.055923974,-5.414638428,3.07E-08,0.999999969,3.07E-08,1,0,0,NA,NA,0,0,0,0,1,0,0,0,0,0,0,0,0,0,0,0,NA,NA,NA,NA,NA,NA,NA,NA,NA,NA,NA,NA,NA
SAR1A/SAR1B,SAR1A/SAR1B,Blue,7,SAR1A,SAR1B,paralog,Mel285,Mel285 D28,Uveal melanoma,ACH-002015,SIDM01793,-0.927133612,,-1.013786391,-1.040459347,0.903559034,96,3,32,9,28.12,92.80155642,-0.005916039,1.014262986,0.020559577,-7.215087298,2.69E-13,1,2.69E-13,1,0,0,1,1,0,0,0,0,1,0,0,0,0,0,0,0,0,0,0,0,0,49/1086,0,0/1086,5.763411574,5.311430456,NA,NA,NA,NA,NA,NA,NA
SAR1A/SAR1B,SAR1A/SAR1B,Blue,7,SAR1A,SAR1B,paralog,OMM25,OMM25 D28,Uveal melanoma,ACH-002018,SIDM01843,-1.736747729,,-1.013786391,-1.493704785,3.125631677,96,3,32,15,46.88,92.80155642,0.130285799,1.054333617,0.044386307,-7.708306955,6.37E-15,1,6.37E-15,1,0,0,1,1,0,0,0,0,1,0,0,0,0,0,0,0,0,0,0,0,0,49/1086,0,0/1086,3.768713657,4.925049965,NA,NA,NA,NA,NA,NA,NA
CAB39L/CAB39,CAB39/CAB39L,Blue,6,CAB39L,CAB39,paralog,Mel202,Mel202 D28,Uveal melanoma,ACH-001554,SIDM01357,-0.779951677,-0.971431889,-0.971431889,-0.389776541,2.888201286,96,3,32,9,28.12,92.80155642,0.113937037,1.05829991,0.041930245,-2.459914195,0.006948512,0.993051488,0.006948512,1,0,0,1,1,0,0,0,0,0,0,0,0,0,0,0,0,0,0,0,0,0,0/1086,0,303/1086,2.545968369,4.72900887,NA,NA,NA,NA,NA,NA,NA
CAB39L/CAB39,CAB39/CAB39L,Blue,6,CAB39L,CAB39,paralog,OMM25,OMM25 D28,Uveal melanoma,ACH-002018,SIDM01843,-0.932102445,,-0.971431889,-0.51129499,2.536556771,96,3,32,9,28.12,92.80155642,0.130285799,1.054333617,0.038185519,-3.28323527,0.000513115,0.999486885,0.000513115,1,0,0,1,1,0,0,0,1,0,0,0,0,0,0,0,0,0,0,0,0,0,0/1086,0,303/1086,2.381283373,3.680324357,NA,NA,NA,NA,NA,NA,NA
CAB39L/CAB39,CAB39/CAB39L,Blue,6,CAB39L,CAB39,paralog,OMM1,OMM1 D28,Uveal melanoma,ACH-002017,NA,-0.865745017,,-0.971431889,-0.770412069,2.208308881,96,3,32,8,25,92.80155642,0.143885568,1.051184894,0.034695978,-4.908491334,4.59E-07,0.999999541,4.59E-07,1,0,0,1,1,0,0,0,0,0,0,0,0,0,0,0,0,0,0,0,0,0,0/1086,0,303/1086,5.916715481,3.860962798,NA,NA,,,,,
CAB39L/CAB39,CAB39/CAB39L,Blue,6,CAB39L,CAB39,paralog,OMM23,OMM23 D28,Uveal melanoma,NA,NA,-0.988575115,,-0.971431889,-0.831648232,1.980039059,96,3,32,11,34.38,92.80155642,0.135163489,1.066138303,0.032456027,-5.366538286,4.01E-08,0.99999996,4.01E-08,1,0,0,NA,NA,0,0,0,0,0,0,0,0,0,0,0,0,0,0,0,0,NA,NA,NA,NA,NA,NA,NA,NA,NA,NA,NA,NA,NA
CAB39L/CAB39,CAB39/CAB39L,Blue,6,CAB39L,CAB39,paralog,921,921 D28,Uveal melanoma,ACH-001441,NA,-0.992096932,,-0.971431889,-0.94079751,1.839734032,96,3,32,10,31.25,92.80155642,0.085864154,1.005637267,0.03032009,-5.896062832,1.86E-09,0.999999998,1.86E-09,1,0,0,1,1,0,0,0,0,0,0,0,0,0,0,0,0,0,0,0,0,NA,NA,NA,NA,1.839959587,3.703765179,NA,NA,,,,,
CAB39L/CAB39,CAB39/CAB39L,Blue,6,CAB39L,CAB39,paralog,MP38,MP38 D28,Uveal melanoma,NA,NA,-1.27012015,,-0.971431889,-1.071997195,2.093833102,96,3,32,12,37.5,92.80155642,0.097043718,1.034310054,0.033307151,-6.40561695,7.49E-11,1,7.49E-11,1,0,0,NA,NA,0,0,0,0,0,1,0,0,0,0,0,0,0,0,0,0,NA,NA,NA,NA,NA,NA,NA,NA,NA,NA,NA,NA,NA
CCNT2/CCNT1,CCNT1/CCNT2,Blue,7,CCNT2,CCNT1,paralog,MP38,MP38 D28,Uveal melanoma,NA,NA,-0.815852324,-0.850957771,-0.850957771,-0.529563158,3.000783505,96,3,32,10,31.25,92.80155642,0.097043718,1.034310054,0.042853998,-3.02690984,0.001235338,0.998764662,0.001235338,1,0,0,NA,NA,0,0,0,0,0,0,0,0,0,0,0,0,0,0,0,0,NA,NA,NA,NA,NA,NA,NA,NA,NA,NA,NA,NA,NA
CCNT2/CCNT1,CCNT1/CCNT2,Blue,7,CCNT2,CCNT1,paralog,Mel270,Mel270 D28,Uveal melanoma,ACH-002014,NA,-0.667553071,,-0.850957771,-0.437953561,1.837090722,96,3,32,5,15.62,92.80155642,0.095191939,1.039341235,0.030659405,-3.044835864,0.001164037,0.998835963,0.001164037,1,0,0,1,1,0,0,0,0,0,0,0,0,0,0,0,0,0,0,0,0,0,12/1086,0,82/1086,3.324810603,3.47118746,NA,NA,,,,,
CCNT2/CCNT1,CCNT1/CCNT2,Blue,7,CCNT2,CCNT1,paralog,OMM1,OMM1 D28,Uveal melanoma,ACH-002017,NA,-1.098502054,,-0.850957771,-0.586430881,4.28631581,96,3,32,11,34.38,92.80155642,0.143885568,1.051184894,0.056569735,-3.070570043,0.001068253,0.998931747,0.001068253,1,0,0,1,1,0,0,0,0,0,0,0,0,0,0,0,0,0,0,0,0,0,12/1086,0,82/1086,3.058316496,3.237257771,NA,NA,,,,,
CCNT2/CCNT1,CCNT1/CCNT2,Blue,7,CCNT2,CCNT1,paralog,OMM23,OMM23 D28,Uveal melanoma,NA,NA,-0.766544266,,-0.850957771,-0.554472617,2.232715592,96,3,32,8,25,92.80155642,0.135163489,1.066138303,0.035115779,-3.68017808,0.000116536,0.999883464,0.000116536,1,0,0,NA,NA,0,0,0,0,1,1,0,0,0,0,0,0,0,0,0,0,NA,NA,NA,NA,NA,NA,NA,NA,NA,NA,NA,NA,NA
CCNT2/CCNT1,CCNT1/CCNT2,Blue,7,CCNT2,CCNT1,paralog,Mel202,Mel202 D28,Uveal melanoma,ACH-001554,SIDM01357,-0.916329023,,-0.850957771,-0.64711735,2.036862448,96,3,32,11,34.38,92.80155642,0.113937037,1.05829991,0.032968783,-4.191449454,1.39E-05,0.999986141,1.39E-05,1,0,0,1,1,0,0,0,0,0,0,0,0,0,0,0,0,0,0,0,0,0,12/1086,0,82/1086,3.64731451,3.815575429,NA,NA,NA,NA,NA,NA,NA
CCNT2/CCNT1,CCNT1/CCNT2,Blue,7,CCNT2,CCNT1,paralog,OMM25,OMM25 D28,Uveal melanoma,ACH-002018,SIDM01843,-1.027831698,,-0.850957771,-0.826588115,2.432554621,96,3,32,10,31.25,92.80155642,0.130285799,1.054333617,0.037090759,-4.968460646,3.37E-07,0.999999663,3.37E-07,1,0,0,1,1,0,0,0,0,0,0,0,0,0,0,0,0,0,0,0,0,0,12/1086,0,82/1086,3.125981654,3.499527024,NA,NA,NA,NA,NA,NA,NA
CCNT2/CCNT1,CCNT1/CCNT2,Blue,7,CCNT2,CCNT1,paralog,Mel285,Mel285 D28,Uveal melanoma,ACH-002015,SIDM01793,-0.664091963,,-0.850957771,-0.764987167,0.782269081,96,3,32,2,6.25,92.80155642,-0.005916039,1.014262986,0.01928284,-5.466344125,2.30E-08,0.999999977,2.30E-08,1,0,0,1,1,0,0,0,0,1,1,0,0,0,0,0,0,0,0,0,0,0,12/1086,0,82/1086,2.771885579,3.080657663,NA,NA,NA,NA,NA,NA,NA
COQ10B/COQ10A,COQ10A/COQ10B,Blue,7,COQ10B,COQ10A,paralog,MP41,MP41 D28,Uveal melanoma,NA,NA,-0.645689214,-0.847613532,-0.847613532,-0.345312565,1.233184058,96,3,32,7,21.88,92.80155642,0.095843026,1.032655645,0.024229666,-2.834118933,0.002297611,0.997702389,0.002297611,1,0,0,NA,NA,0,0,0,0,0,1,0,0,0,0,0,0,0,0,0,0,NA,NA,NA,NA,NA,NA,NA,NA,NA,NA,NA,NA,NA
COQ10B/COQ10A,COQ10A/COQ10B,Blue,7,COQ10B,COQ10A,paralog,921,921 D28,Uveal melanoma,ACH-001441,NA,-0.516495706,,-0.847613532,-0.5166281,1.170519598,96,3,32,3,9.38,92.80155642,0.085864154,1.005637267,0.023275728,-3.949115498,3.92E-05,0.99996078,3.92E-05,1,0,0,1,1,0,0,0,0,0,0,0,0,0,0,0,0,0,0,0,0,NA,NA,NA,NA,3.058316496,4.032982417,NA,NA,,,,,
COQ10B/COQ10A,COQ10A/COQ10B,Blue,7,COQ10B,COQ10A,paralog,MP38,MP38 D28,Uveal melanoma,NA,NA,-0.686581223,,-0.847613532,-0.59410551,1.25651891,96,3,32,4,12.5,92.80155642,0.097043718,1.034310054,0.024493318,-4.416192727,5.02E-06,0.999994977,5.02E-06,1,0,0,NA,NA,0,0,0,0,1,0,0,0,0,0,0,0,0,0,0,0,NA,NA,NA,NA,NA,NA,NA,NA,NA,NA,NA,NA,NA
COQ10B/COQ10A,COQ10A/COQ10B,Blue,7,COQ10B,COQ10A,paralog,Mel202,Mel202 D28,Uveal melanoma,ACH-001554,SIDM01357,-0.78820637,,-0.847613532,-0.719073054,1.484285357,96,3,32,6,18.75,92.80155642,0.113937037,1.05829991,0.027152182,-5.05531115,2.15E-07,0.999999785,2.15E-07,1,0,0,1,1,0,0,0,0,1,0,0,0,0,0,0,0,0,0,0,0,0,41/1086,0,4/1086,5.235344128,3.828834649,NA,NA,NA,NA,NA,NA,NA
COQ10B/COQ10A,COQ10A/COQ10B,Blue,7,COQ10B,COQ10A,paralog,OMM1,OMM1 D28,Uveal melanoma,ACH-002017,NA,-1.302793041,,-0.847613532,-1.066697195,3.094061506,96,3,32,11,34.38,92.80155642,0.143885568,1.051184894,0.04401969,-5.769935989,3.97E-09,0.999999996,3.97E-09,1,0,0,1,1,0,0,0,0,0,0,0,0,0,0,0,0,0,0,0,0,0,41/1086,0,4/1086,4.456149035,5.358607249,NA,NA,,,,,
COQ10B/COQ10A,COQ10A/COQ10B,Blue,7,COQ10B,COQ10A,paralog,OMM25,OMM25 D28,Uveal melanoma,ACH-002018,SIDM01843,-0.823891269,,-0.847613532,-0.792964494,1.267138774,96,3,32,5,15.62,92.80155642,0.130285799,1.054333617,0.024823224,-5.859902125,2.32E-09,0.999999998,2.32E-09,1,0,0,1,1,0,0,0,0,0,0,0,0,0,0,0,0,0,0,0,0,0,41/1086,0,4/1086,3.64038956,4.018812186,NA,NA,NA,NA,NA,NA,NA
COQ10B/COQ10A,COQ10A/COQ10B,Blue,7,COQ10B,COQ10A,paralog,OMM23,OMM23 D28,Uveal melanoma,NA,NA,-1.169637901,,-0.847613532,-0.992040273,2.273497931,96,3,32,10,31.25,92.80155642,0.135163489,1.066138303,0.035545067,-5.978782562,1.12E-09,0.999999999,1.12E-09,1,0,0,NA,NA,0,0,0,0,1,1,0,0,0,0,0,0,0,0,0,0,NA,NA,NA,NA,NA,NA,NA,NA,NA,NA,NA,NA,NA
DYNC1LI2/DYNC1LI1,DYNC1LI1/DYNC1LI2,Blue,7,DYNC1LI2,DYNC1LI1,paralog,MP46,MP46 D28,Uveal melanoma,ACH-002011,SIDM01789,-0.578609956,-0.838509728,-0.838509728,-0.555538029,1.300527329,84,3,28,3,10.71,92.80155642,0.082244972,1.000425946,0.026566705,-3.912948122,4.56E-05,0.999954412,4.56E-05,1,0,0,1,1,0,0,0,0,0,0,0,0,0,0,0,0,0,0,0,0,NA,NA,NA,NA,5.188242656,4.424250286,NA,NA,NA,NA,NA,NA,NA
DYNC1LI2/DYNC1LI1,DYNC1LI1/DYNC1LI2,Blue,7,DYNC1LI2,DYNC1LI1,paralog,OMM25,OMM25 D28,Uveal melanoma,ACH-002018,SIDM01843,-0.550973547,,-0.838509728,-0.493506278,0.744788274,84,3,28,3,10.71,92.80155642,0.130285799,1.054333617,0.020458274,-4.361193565,6.47E-06,0.999993532,6.47E-06,1,0,0,1,1,0,0,0,0,0,0,0,0,0,0,0,0,0,0,0,0,0,62/1086,0,74/1086,4.607626221,4.405311683,NA,NA,NA,NA,NA,NA,NA
DYNC1LI2/DYNC1LI1,DYNC1LI1/DYNC1LI2,Blue,7,DYNC1LI2,DYNC1LI1,paralog,OMM1,OMM1 D28,Uveal melanoma,ACH-002017,NA,-0.711896301,,-0.838509728,-0.626538018,0.933599721,84,3,28,2,7.14,92.80155642,0.143885568,1.051184894,0.022698811,-5.11361485,1.58E-07,0.999999842,1.58E-07,1,0,0,1,1,0,0,0,0,0,1,0,0,0,0,0,0,0,0,0,0,0,62/1086,0,74/1086,5.628481994,5.087462841,NA,NA,,,,,
DYNC1LI2/DYNC1LI1,DYNC1LI1/DYNC1LI2,Blue,7,DYNC1LI2,DYNC1LI1,paralog,921,921 D28,Uveal melanoma,ACH-001441,NA,-0.842210916,,-0.838509728,-0.793519801,1.173215215,84,3,28,8,28.57,92.80155642,0.085864154,1.005637267,0.025089592,-5.551773521,1.41E-08,0.999999986,1.41E-08,1,0,0,1,1,0,0,0,0,0,0,0,0,0,0,0,0,0,0,0,0,NA,NA,NA,NA,5.411426246,3.592158002,NA,NA,,,,,
DYNC1LI2/DYNC1LI1,DYNC1LI1/DYNC1LI2,Blue,7,DYNC1LI2,DYNC1LI1,paralog,MP41,MP41 D28,Uveal melanoma,NA,NA,-0.808438225,,-0.838509728,-0.725124275,0.841714831,84,3,28,5,17.86,92.80155642,0.095843026,1.032655645,0.021389924,-5.61333859,9.92E-09,0.99999999,9.92E-09,1,0,0,NA,NA,0,0,0,0,0,0,0,0,0,0,0,0,0,0,0,0,NA,NA,NA,NA,NA,NA,NA,NA,NA,NA,NA,NA,NA
DYNC1LI2/DYNC1LI1,DYNC1LI1/DYNC1LI2,Blue,7,DYNC1LI2,DYNC1LI1,paralog,Mel285,Mel285 D28,Uveal melanoma,ACH-002015,SIDM01793,-0.953768136,,-0.838509728,-0.978732515,0.624901227,84,3,28,6,21.43,92.80155642,-0.005916039,1.014262986,0.01857736,-7.137381714,4.76E-13,1,4.76E-13,1,0,0,1,1,0,0,0,0,1,1,0,0,0,0,0,0,0,0,0,0,0,62/1086,0,74/1086,5.754085782,4.537296067,NA,NA,NA,NA,NA,NA,NA
DYNC1LI2/DYNC1LI1,DYNC1LI1/DYNC1LI2,Blue,7,DYNC1LI2,DYNC1LI1,paralog,Mel202,Mel202 D28,Uveal melanoma,ACH-001554,SIDM01357,-1.423671016,,-0.838509728,-1.203502245,1.667177615,84,3,28,11,39.29,92.80155642,0.113937037,1.05829991,0.031614603,-7.40946311,6.34E-14,1,6.34E-14,1,0,0,1,1,0,0,0,0,0,0,0,0,0,0,0,0,0,0,0,0,0,62/1086,0,74/1086,6.797272432,4.502075956,NA,NA,NA,NA,NA,NA,NA
DDX39A/DDX39B,DDX39A/DDX39B,Blue,6,DDX39A,DDX39B,Achilles,Mel202,Mel202 D28,Uveal melanoma,ACH-001554,SIDM01357,-0.531395737,-0.831967136,-0.831967136,-0.337995717,1.2130141,96,3,32,5,15.62,92.80155642,0.113937037,1.05829991,0.024296695,-2.899347115,0.001869703,0.998130297,0.001869703,1,0,0,1,1,0,0,0,0,0,0,0,0,0,0,0,1,0,1,0,0,0,63/1086,0,733/1086,6.193180354,7.626366124,NA,NA,NA,NA,NA,NA,NA
DDX39A/DDX39B,DDX39A/DDX39B,Blue,6,DDX39A,DDX39B,Achilles,921,921 D28,Uveal melanoma,ACH-001441,NA,-0.55596198,,-0.831967136,-0.419563837,1.342645544,96,3,32,2,6.25,92.80155642,0.085864154,1.005637267,0.02508758,-3.191022808,0.00070885,0.99929115,0.00070885,1,0,0,1,1,0,0,0,0,0,1,0,0,0,0,0,1,0,1,0,0,NA,NA,NA,NA,5.374343989,7.70860111,NA,NA,,,,,
DDX39A/DDX39B,DDX39A/DDX39B,Blue,6,DDX39A,DDX39B,Achilles,Mel285,Mel285 D28,Uveal melanoma,ACH-002015,SIDM01793,-0.664208667,,-0.831967136,-0.684308328,0.905262524,96,3,32,7,21.88,92.80155642,-0.005916039,1.014262986,0.020577508,-4.729165467,1.13E-06,0.999998873,1.13E-06,1,0,0,1,1,0,0,0,0,0,0,0,0,0,0,0,1,0,1,0,0,0,63/1086,0,733/1086,6.277240898,7.220910322,NA,NA,NA,NA,NA,NA,NA
DDX39A/DDX39B,DDX39A/DDX39B,Blue,6,DDX39A,DDX39B,Achilles,OMM23,OMM23 D28,Uveal melanoma,NA,NA,-1.124060131,,-0.831967136,-0.946729798,2.492148426,96,3,32,10,31.25,92.80155642,0.135163489,1.066138303,0.037846651,-5.561227941,1.34E-08,0.999999987,1.34E-08,1,0,0,NA,NA,0,0,0,0,0,1,0,0,0,0,0,1,0,1,0,0,NA,NA,NA,NA,NA,NA,NA,NA,NA,NA,NA,NA,NA
DDX39A/DDX39B,DDX39A/DDX39B,Blue,6,DDX39A,DDX39B,Achilles,OMM1,OMM1 D28,Uveal melanoma,ACH-002017,NA,-1.041894673,,-0.831967136,-0.877347549,1.765622666,96,3,32,12,37.5,92.80155642,0.143885568,1.051184894,0.030036123,-5.89254557,1.90E-09,0.999999998,1.90E-09,1,0,0,1,1,0,0,0,0,1,0,0,0,0,0,0,1,0,1,0,0,0,63/1086,0,733/1086,6.987207156,8.161988426,NA,NA,,,,,
DDX39A/DDX39B,DDX39A/DDX39B,Blue,6,DDX39A,DDX39B,Achilles,OMM25,OMM25 D28,Uveal melanoma,ACH-002018,SIDM01843,-1.074281627,,-0.831967136,-0.995268861,1.813348472,96,3,32,12,37.5,92.80155642,0.130285799,1.054333617,0.0305728,-6.437229391,6.08E-11,1,6.08E-11,1,0,0,1,1,0,0,0,0,0,1,0,0,0,0,0,1,0,1,0,0,0,63/1086,0,733/1086,6.122258568,7.431957188,NA,NA,NA,NA,NA,NA,NA
CREBBP/EP300,CREBBP/EP300,Blue,6,CREBBP,EP300,paralog,MP46,MP46 D28,Uveal melanoma,ACH-002011,SIDM01789,-0.651498961,-0.821585941,-0.821585941,-0.463639089,1.116518749,96,3,32,4,12.5,92.80155642,0.082244972,1.000425946,0.02265053,-3.627114174,0.000143303,0.999856697,0.000143303,1,0,0,1,1,0,0,0,0,0,1,0,0,0,0,0,0,0,0,0,0,NA,NA,NA,NA,3.880685525,4.647890091,NA,NA,NA,NA,NA,NA,NA
CREBBP/EP300,CREBBP/EP300,Blue,6,CREBBP,EP300,paralog,921,921 D28,Uveal melanoma,ACH-001441,NA,-0.580651516,,-0.821585941,-0.530741848,0.981798511,96,3,32,4,12.5,92.80155642,0.085864154,1.005637267,0.02128919,-4.22598724,1.19E-05,0.999988105,1.19E-05,1,0,0,1,1,0,0,0,0,0,0,0,0,0,0,0,0,0,0,0,0,NA,NA,NA,NA,3.3950628,3.684818738,NA,NA,,,,,
CREBBP/EP300,CREBBP/EP300,Blue,6,CREBBP,EP300,paralog,MP41,MP41 D28,Uveal melanoma,NA,NA,-0.552295637,,-0.821585941,-0.534289471,0.922290971,96,3,32,4,12.5,92.80155642,0.095843026,1.032655645,0.020957107,-4.352774891,6.72E-06,0.999993279,6.72E-06,1,0,0,NA,NA,0,0,0,0,0,1,0,0,0,0,0,0,0,0,0,0,NA,NA,NA,NA,NA,NA,NA,NA,NA,NA,NA,NA,NA
CREBBP/EP300,CREBBP/EP300,Blue,6,CREBBP,EP300,paralog,Mel270,Mel270 D28,Uveal melanoma,ACH-002014,NA,-0.737683135,,-0.821585941,-0.702897387,1.122303433,96,3,32,6,18.75,92.80155642,0.095191939,1.039341235,0.023135328,-5.247031467,7.73E-08,0.999999923,7.73E-08,1,0,0,1,1,0,0,0,0,1,1,0,0,0,0,0,0,0,0,0,0,0,118/1086,0,338/1086,3.504620392,3.917431755,NA,NA,,,,,
CREBBP/EP300,CREBBP/EP300,Blue,6,CREBBP,EP300,paralog,OMM25,OMM25 D28,Uveal melanoma,ACH-002018,SIDM01843,-1.012313956,,-0.821585941,-0.892461575,1.384340056,96,3,32,9,28.12,92.80155642,0.130285799,1.054333617,0.026056922,-6.335878206,1.18E-10,1,1.18E-10,1,0,0,1,1,0,0,0,0,0,1,0,0,0,0,0,0,0,0,0,0,0,118/1086,1,338/1086,3.263034406,3.764473551,NA,NA,NA,NA,NA,NA,NA
CREBBP/EP300,CREBBP/EP300,Blue,6,CREBBP,EP300,paralog,Mel202,Mel202 D28,Uveal melanoma,ACH-001554,SIDM01357,-1.395072439,,-0.821585941,-1.366420004,1.341966859,96,3,32,17,53.12,92.80155642,0.113937037,1.05829991,0.025654093,-9.242471959,1.20E-20,1,1.20E-20,1,0,0,1,1,0,0,0,0,0,0,0,0,0,0,0,0,0,0,0,0,0,118/1086,0,338/1086,3.329123596,3.970853654,NA,NA,NA,NA,NA,NA,NA
ARFGEF1/ARFGEF2,ARFGEF1/ARFGEF2,Blue,6,ARFGEF1,ARFGEF2,paralog,Mel202,Mel202 D28,Uveal melanoma,ACH-001554,SIDM01357,-0.726279544,-0.809749166,-0.809749166,-0.39069718,1.727840105,96,3,32,8,25,92.80155642,0.113937037,1.05829991,0.029715917,-2.92740041,0.001709043,0.998290957,0.001709043,1,0,0,1,1,0,0,0,0,0,0,0,0,0,0,0,0,0,0,0,0,0,1/1086,0,6/1086,5.290940402,4.199279721,NA,NA,NA,NA,NA,NA,NA
ARFGEF1/ARFGEF2,ARFGEF1/ARFGEF2,Blue,6,ARFGEF1,ARFGEF2,paralog,OMM25,OMM25 D28,Uveal melanoma,ACH-002018,SIDM01843,-0.546606485,,-0.809749166,-0.36222757,1.234047008,96,3,32,6,18.75,92.80155642,0.130285799,1.054333617,0.024474889,-3.148166214,0.000821491,0.999178509,0.000821491,1,0,0,1,1,0,0,0,0,0,0,0,0,0,0,0,0,0,0,0,0,0,1/1086,0,6/1086,4.397802962,4.822220272,NA,NA,NA,NA,NA,NA,NA
ARFGEF1/ARFGEF2,ARFGEF1/ARFGEF2,Blue,6,ARFGEF1,ARFGEF2,paralog,MP38,MP38 D28,Uveal melanoma,NA,NA,-0.915920472,,-0.809749166,-0.691118951,2.264258327,96,3,32,9,28.12,92.80155642,0.097043718,1.034310054,0.035101101,-4.206835115,1.29E-05,0.999987051,1.29E-05,1,0,0,NA,NA,0,0,0,0,0,1,0,0,0,0,0,0,0,0,0,0,NA,NA,NA,NA,NA,NA,NA,NA,NA,NA,NA,NA,NA
ARFGEF1/ARFGEF2,ARFGEF1/ARFGEF2,Blue,6,ARFGEF1,ARFGEF2,paralog,Mel285,Mel285 D28,Uveal melanoma,ACH-002015,SIDM01793,-0.666274161,,-0.809749166,-0.761405832,1.164136456,96,3,32,9,28.12,92.80155642,-0.005916039,1.014262986,0.023302497,-4.949113001,3.73E-07,0.999999627,3.73E-07,1,0,0,1,1,0,0,0,0,0,0,0,0,0,0,0,0,0,0,0,0,0,1/1086,0,6/1086,5.046141782,3.919340082,NA,NA,NA,NA,NA,NA,NA
ARFGEF1/ARFGEF2,ARFGEF1/ARFGEF2,Blue,6,ARFGEF1,ARFGEF2,paralog,OMM1,OMM1 D28,Uveal melanoma,ACH-002017,NA,-0.953734731,,-0.809749166,-0.806571331,1.889004636,96,3,32,7,21.88,92.80155642,0.143885568,1.051184894,0.031334881,-5.369309053,3.95E-08,0.99999996,3.95E-08,1,0,0,1,1,0,0,0,0,0,1,0,0,0,0,0,0,0,0,0,0,0,1/1086,0,6/1086,4.115199749,4.868884273,NA,NA,,,,,
ARFGEF1/ARFGEF2,ARFGEF1/ARFGEF2,Blue,6,ARFGEF1,ARFGEF2,paralog,OMM23,OMM23 D28,Uveal melanoma,NA,NA,-1.049679605,,-0.809749166,-0.884909129,1.816571227,96,3,32,10,31.25,92.80155642,0.135163489,1.066138303,0.030735312,-5.818516541,2.97E-09,0.999999997,2.97E-09,1,0,0,NA,NA,0,0,0,0,0,0,0,0,0,0,0,0,0,0,0,0,NA,NA,NA,NA,NA,NA,NA,NA,NA,NA,NA,NA,NA
PMM1/PMM2,PMM1/PMM2,Blue,6,PMM1,PMM2,paralog,MP38,MP38 D28,Uveal melanoma,NA,NA,-0.53136437,-0.769120233,-0.769120233,-0.338965646,1.906244769,96,3,32,9,28.12,92.80155642,0.097043718,1.034310054,0.031332537,-2.463190685,0.006885333,0.993114667,0.006885333,1,0,0,NA,NA,0,0,0,0,0,1,0,0,0,0,0,0,0,0,0,0,NA,NA,NA,NA,NA,NA,NA,NA,NA,NA,NA,NA,NA
PMM1/PMM2,PMM1/PMM2,Blue,6,PMM1,PMM2,paralog,Mel202,Mel202 D28,Uveal melanoma,ACH-001554,SIDM01357,-0.582730557,,-0.769120233,-0.304977209,1.511581796,96,3,32,3,9.38,92.80155642,0.113937037,1.05829991,0.027439513,-2.528930693,0.005720531,0.994279469,0.005720531,1,0,0,1,1,0,0,0,0,0,1,0,0,0,0,0,0,0,0,0,0,0,2/1086,1,262/1086,4.261530815,4.951867504,NA,NA,NA,NA,NA,NA,NA
PMM1/PMM2,PMM1/PMM2,Blue,6,PMM1,PMM2,paralog,OMM1,OMM1 D28,Uveal melanoma,ACH-002017,NA,-0.506742805,,-0.769120233,-0.385513132,1.583508695,96,3,32,7,21.88,92.80155642,0.143885568,1.051184894,0.028119134,-3.157053182,0.000796861,0.999203139,0.000796861,1,0,0,1,1,0,0,0,0,0,1,0,0,0,0,0,0,0,0,0,0,0,2/1086,0,262/1086,4.495055528,4.949534933,NA,NA,,,,,
PMM1/PMM2,PMM1/PMM2,Blue,6,PMM1,PMM2,paralog,Mel270,Mel270 D28,Uveal melanoma,ACH-002014,NA,-0.788570968,,-0.769120233,-0.490604613,1.872376272,96,3,32,9,28.12,92.80155642,0.095191939,1.039341235,0.031030832,-3.325447543,0.000441384,0.999558616,0.000441384,1,0,0,1,1,0,0,0,0,0,0,0,0,0,0,0,0,0,0,0,0,0,2/1086,0,262/1086,5.173127433,5.018367116,NA,NA,,,,,
PMM1/PMM2,PMM1/PMM2,Blue,6,PMM1,PMM2,paralog,MP41,MP41 D28,Uveal melanoma,NA,NA,-0.788691335,,-0.769120233,-0.738864527,1.838635372,96,3,32,9,28.12,92.80155642,0.095843026,1.032655645,0.030602838,-4.771484216,9.14E-07,0.999999086,9.14E-07,1,0,0,NA,NA,0,0,0,0,0,0,0,0,0,0,0,0,0,0,0,0,NA,NA,NA,NA,NA,NA,NA,NA,NA,NA,NA,NA,NA
PMM1/PMM2,PMM1/PMM2,Blue,6,PMM1,PMM2,paralog,OMM25,OMM25 D28,Uveal melanoma,ACH-002018,SIDM01843,-1.416621365,,-0.769120233,-1.134045316,3.081421274,96,3,32,14,43.75,92.80155642,0.130285799,1.054333617,0.043920934,-6.032884917,8.05E-10,0.999999999,8.05E-10,1,0,0,1,1,0,0,0,0,0,1,0,0,0,0,0,0,0,0,0,0,0,2/1086,0,262/1086,5.428611418,4.246408087,NA,NA,NA,NA,NA,NA,NA
NDE1/NDEL1,NDE1/NDEL1,Blue,6,NDE1,NDEL1,paralog,OMM25,OMM25 D28,Uveal melanoma,ACH-002018,SIDM01843,-0.578067914,-0.767609215,-0.767609215,-0.307400208,1.704877524,96,3,32,4,12.5,92.80155642,0.130285799,1.054333617,0.029431,-2.55129191,0.00536622,0.99463378,0.00536622,1,0,0,1,1,0,0,0,0,1,0,0,0,0,0,0,0,0,0,0,0,0,533/1086,0,4/1086,4.997744026,3.924099886,NA,NA,NA,NA,NA,NA,NA
NDE1/NDEL1,NDE1/NDEL1,Blue,6,NDE1,NDEL1,paralog,OMM1,OMM1 D28,Uveal melanoma,ACH-002017,NA,-0.757874817,,-0.767609215,-0.399305413,2.565942267,96,3,32,5,15.62,92.80155642,0.143885568,1.051184894,0.03846054,-2.769777352,0.002804731,0.997195269,0.002804731,1,0,0,1,1,0,0,0,0,1,0,0,0,0,0,0,0,0,0,0,0,1,533/1086,0,4/1086,5.265286858,3.50589093,NA,NA,,,,,
NDE1/NDEL1,NDE1/NDEL1,Blue,6,NDE1,NDEL1,paralog,OMM23,OMM23 D28,Uveal melanoma,NA,NA,-0.798801672,,-0.767609215,-0.509793199,1.688303323,96,3,32,9,28.12,92.80155642,0.135163489,1.066138303,0.029385124,-3.762415775,8.41E-05,0.99991586,8.41E-05,1,0,0,NA,NA,0,0,0,0,0,0,0,0,0,0,0,0,0,0,0,0,NA,NA,NA,NA,NA,NA,NA,NA,NA,NA,NA,NA,NA
NDE1/NDEL1,NDE1/NDEL1,Blue,6,NDE1,NDEL1,paralog,Mel202,Mel202 D28,Uveal melanoma,ACH-001554,SIDM01357,-0.60131715,,-0.767609215,-0.636449557,0.903922743,96,3,32,4,12.5,92.80155642,0.113937037,1.05829991,0.021043102,-5.172853553,1.15E-07,0.999999885,1.15E-07,1,0,0,1,1,0,0,0,0,0,0,0,0,0,0,0,0,0,0,0,0,0,533/1086,0,4/1086,4.341985747,4.3305584,NA,NA,NA,NA,NA,NA,NA
NDE1/NDEL1,NDE1/NDEL1,Blue,6,NDE1,NDEL1,paralog,MP38,MP38 D28,Uveal melanoma,NA,NA,-0.994959743,,-0.767609215,-0.845181724,1.578693437,96,3,32,10,31.25,92.80155642,0.097043718,1.034310054,0.027884629,-5.642510739,8.38E-09,0.999999992,8.38E-09,1,0,0,NA,NA,0,0,0,0,1,0,0,0,0,0,0,0,0,0,0,0,NA,NA,NA,NA,NA,NA,NA,NA,NA,NA,NA,NA,NA
NDE1/NDEL1,NDE1/NDEL1,Blue,6,NDE1,NDEL1,paralog,Mel270,Mel270 D28,Uveal melanoma,ACH-002014,NA,-0.874633991,,-0.767609215,-0.781746733,1.189063905,96,3,32,4,12.5,92.80155642,0.095191939,1.039341235,0.02383807,-5.679808269,6.74E-09,0.999999993,6.74E-09,1,0,0,1,1,0,0,0,0,1,0,0,0,0,0,0,0,0,0,0,0,0,533/1086,0,4/1086,3.516015147,4.056583528,NA,NA,,,,,
IMPDH1/IMPDH2,IMPDH1/IMPDH2,Blue,6,IMPDH1,IMPDH2,paralog,921,921 D28,Uveal melanoma,ACH-001441,NA,-0.606557518,-0.71458783,-0.71458783,-0.32132434,1.450724646,96,3,32,5,15.62,92.80155642,0.085864154,1.005637267,0.026225254,-2.514407385,0.005961631,0.994038369,0.005961631,1,0,0,1,1,0,0,0,0,0,1,0,0,0,0,0,0,0,0,0,0,NA,NA,NA,NA,4.334139179,7.859472667,NA,NA,,,,,
IMPDH1/IMPDH2,IMPDH1/IMPDH2,Blue,6,IMPDH1,IMPDH2,paralog,MP41,MP41 D28,Uveal melanoma,NA,NA,-0.630704252,,-0.71458783,-0.486333921,1.151580858,96,3,32,4,12.5,92.80155642,0.095843026,1.032655645,0.023370685,-3.808195904,7.00E-05,0.999930008,7.00E-05,1,0,0,NA,NA,0,0,0,0,0,1,0,0,0,0,0,0,0,0,0,0,NA,NA,NA,NA,NA,NA,NA,NA,NA,NA,NA,NA,NA
IMPDH1/IMPDH2,IMPDH1/IMPDH2,Blue,6,IMPDH1,IMPDH2,paralog,Mel270,Mel270 D28,Uveal melanoma,ACH-002014,NA,-0.660430654,,-0.71458783,-0.591162997,1.288218197,96,3,32,5,15.62,92.80155642,0.095191939,1.039341235,0.0248818,-4.3511882,6.77E-06,0.99999323,6.77E-06,1,0,0,1,1,0,0,0,0,1,1,0,0,0,0,0,0,0,0,0,0,0,237/1086,0,592/1086,5.194559886,7.981966786,NA,NA,,,,,
IMPDH1/IMPDH2,IMPDH1/IMPDH2,Blue,6,IMPDH1,IMPDH2,paralog,MP38,MP38 D28,Uveal melanoma,NA,NA,-0.731552752,,-0.71458783,-0.537024974,0.915317941,96,3,32,5,15.62,92.80155642,0.097043718,1.034310054,0.020901729,-4.385763482,5.78E-06,0.999994221,5.78E-06,1,0,0,NA,NA,0,0,0,0,0,1,0,0,0,0,0,0,0,0,0,0,NA,NA,NA,NA,NA,NA,NA,NA,NA,NA,NA,NA,NA
IMPDH1/IMPDH2,IMPDH1/IMPDH2,Blue,6,IMPDH1,IMPDH2,paralog,Mel202,Mel202 D28,Uveal melanoma,ACH-001554,SIDM01357,-0.93701788,,-0.71458783,-0.755473493,1.645845787,96,3,32,6,18.75,92.80155642,0.113937037,1.05829991,0.028852819,-5.118359354,1.54E-07,0.999999846,1.54E-07,1,0,0,1,1,0,0,0,0,0,1,0,0,0,0,0,0,0,0,0,0,1,237/1086,1,592/1086,5.0725346,7.900866808,NA,NA,NA,NA,NA,NA,NA
IMPDH1/IMPDH2,IMPDH1/IMPDH2,Blue,6,IMPDH1,IMPDH2,paralog,OMM23,OMM23 D28,Uveal melanoma,NA,NA,-0.721263925,,-0.71458783,-0.589020632,0.659668374,96,3,32,5,15.62,92.80155642,0.135163489,1.066138303,0.018557388,-5.316068608,5.30E-08,0.999999947,5.30E-08,1,0,0,NA,NA,0,0,0,0,0,1,0,0,0,0,0,0,0,0,0,0,NA,NA,NA,NA,NA,NA,NA,NA,NA,NA,NA,NA,NA
PUM2/PUM1,PUM1/PUM2,Blue,7,PUM2,PUM1,paralog,MP46,MP46 D28,Uveal melanoma,ACH-002011,SIDM01789,-0.547836759,-0.639603006,-0.639603006,-0.376003593,1.066568329,96,3,32,1,3.12,92.80155642,0.082244972,1.000425946,0.022124736,-3.08078975,0.001032262,0.998967738,0.001032262,1,0,0,1,1,0,0,0,0,0,0,0,0,0,0,0,0,0,0,0,0,NA,NA,NA,NA,5.546277132,4.709842019,NA,NA,NA,NA,NA,NA,NA
PUM2/PUM1,PUM1/PUM2,Blue,7,PUM2,PUM1,paralog,921,921 D28,Uveal melanoma,ACH-001441,NA,-0.503368975,,-0.639603006,-0.441652558,1.241102848,96,3,32,2,6.25,92.80155642,0.085864154,1.005637267,0.024018709,-3.403779292,0.000332302,0.999667698,0.000332302,1,0,0,1,1,0,0,0,0,1,1,0,0,0,0,0,0,0,0,0,0,NA,NA,NA,NA,4.874796966,4.46727948,NA,NA,,,,,
PUM2/PUM1,PUM1/PUM2,Blue,7,PUM2,PUM1,paralog,OMM25,OMM25 D28,Uveal melanoma,ACH-002018,SIDM01843,-0.54573126,,-0.639603006,-0.415183317,0.737585683,96,3,32,0,0,92.80155642,0.130285799,1.054333617,0.019248981,-3.931572576,4.22E-05,0.999957804,4.22E-05,1,0,0,1,1,0,0,0,0,1,0,0,0,0,0,0,0,0,0,0,0,1,31/1086,0,118/1086,5.027684877,2.959770155,NA,NA,NA,NA,NA,NA,NA
PUM2/PUM1,PUM1/PUM2,Blue,7,PUM2,PUM1,paralog,MP41,MP41 D28,Uveal melanoma,NA,NA,-0.704923805,,-0.639603006,-0.566309286,1.172628578,96,3,32,4,12.5,92.80155642,0.095843026,1.032655645,0.02359224,-4.310953211,8.13E-06,0.999991872,8.13E-06,1,0,0,NA,NA,0,0,0,0,1,1,0,0,0,0,0,0,0,0,0,0,NA,NA,NA,NA,NA,NA,NA,NA,NA,NA,NA,NA,NA
PUM2/PUM1,PUM1/PUM2,Blue,7,PUM2,PUM1,paralog,Mel202,Mel202 D28,Uveal melanoma,ACH-001554,SIDM01357,-0.559998965,,-0.639603006,-0.528809988,0.929571815,96,3,32,2,6.25,92.80155642,0.113937037,1.05829991,0.021313092,-4.402677156,5.35E-06,0.999994654,5.35E-06,1,0,0,1,1,0,0,0,0,0,0,0,0,0,0,0,0,0,0,0,0,0,31/1086,0,118/1086,5.012121673,4.762880293,NA,NA,NA,NA,NA,NA,NA
PUM2/PUM1,PUM1/PUM2,Blue,7,PUM2,PUM1,paralog,Mel270,Mel270 D28,Uveal melanoma,ACH-002014,NA,-0.838905909,,-0.639603006,-0.620455467,1.298843296,96,3,32,7,21.88,92.80155642,0.095191939,1.039341235,0.024993643,-4.526727203,3.00E-06,0.999997005,3.00E-06,1,0,0,1,1,0,0,0,0,1,0,0,0,0,0,0,0,0,0,0,0,0,31/1086,0,118/1086,5.009436756,4.419538892,NA,NA,,,,,
PUM2/PUM1,PUM1/PUM2,Blue,7,PUM2,PUM1,paralog,OMM1,OMM1 D28,Uveal melanoma,ACH-002017,NA,-0.776455369,,-0.639603006,-0.609078317,1.181549407,96,3,32,4,12.5,92.80155642,0.143885568,1.051184894,0.023887984,-4.871743313,5.53E-07,0.999999447,5.53E-07,1,0,0,1,1,0,0,0,0,1,0,0,0,0,0,0,0,0,0,0,0,0,31/1086,0,118/1086,5.331275267,3.803227036,NA,NA,,,,,